St. Olaf College,"St. Olaf College, Northfield, MN 55057 US",7/1/15 0:00,http://www.stolaf.edu/library/,44.4617681,-93.18281669999999,ChIJqW1q7XtR9ocRzmDxSgyZK_U
Northwestern University,"Northwestern University, Evanston, IL 60208-2300 US",8/1/12 0:00,http://www.library.northwestern.edu/,42.0556371,-87.6776115,ChIJOUw-cAvQD4gR_MQkeW-obdc
Virginia Polytechnic Institute and State University,"Virginia Polytechnic Institute and State University, Blacksburg, VA 24062-9001 US",7/1/11 0:00,#,37.22838429999999,-80.42341669999999,ChIJeZdL8BGVTYgR1ioWxRtS_ww
DePauw University,"DePauw University, Greencastle, IN 46135-1772 US",7/1/15 0:00,http://www.depauw.edu/libraries/,39.6393943,-86.86289459999999,ChIJp5coR7LfbIgRmbxAHZy330s
Illinois Wesleyan University,"Illinois Wesleyan University, Bloomington, IL 61702-2900 US",4/5/17 0:00,#,40.4908892,-88.9906541,ChIJFQnYt7lxC4gRxiPtIJEDMkk
Chemical Heritage Foundation,"Chemical Heritage Foundation, Philadelphia, PA 19106 US",7/1/16 0:00,http://www.chemheritage.org/,39.949024,-75.14644299999999,ChIJ1w8B8ITIxokR00QnXb4v3Z8
Princeton Theological Seminary,"Princeton Theological Seminary, Princeton, NJ 08542 US",7/1/13 0:00,http://www.ptsem.edu/library/,40.3542647,-74.6620003,ChIJMzL4Sermw4kR6tJFEWJHa1w
Macalester College,"Macalester College, St. Paul, MN 55105-1801 US",1/1/15 0:00,http://www.macalester.edu/library/,44.9397631,-93.1687294,ChIJgSJGCRgq9ocRhcfyJmgzUt0
Metropolitan New York Library Council,"Metropolitan New York Library Council, New York, NY 10003 US",7/1/14 0:00,http://www.metro.org/,40.7322535,-73.9874105,ChIJdzlESZlZwokRGa_e4LjKxUI
Georgia State University,"Georgia State University, Atlanta, GA 30303 US",12/17/13 0:00,http://library.gsu.edu/,33.753068,-84.38528190000001,ChIJueHvE4YD9YgRl25c4JufwUo
"University of California, Riverside","University of California, Riverside, Riverside, CA 92521 US",7/1/14 0:00,http://library.ucr.edu/,33.9737055,-117.3280644,ChIJs5-qh0au3IARMR1yR98LBRA
Getty Research Institute,"Getty Research Institute, Los Angeles, CA 90049-1688 US",7/1/14 0:00,http://www.getty.edu/research/library/,34.0769166,-118.4755062,ChIJpbxvgcW8woARAfXIdZBKSsY
James Madison University,"James Madison University, Harrisonburg, VA 22807 US",7/1/16 0:00,http://www.lib.jmu.edu/,38.435092,-78.8697548,ChIJicvPEMKStIkR6B2M9ePJlG8
California State University Channel Islands,"California State University Channel Islands, Camarillo, CA 93012 US",7/1/14 0:00,http://library.csuci.edu/,34.1620531,-119.0434218,ChIJ39yv2uI36IARBSVzYIhaMII
Los Alamos National Lab,"Los Alamos National Lab, Los Alamos, NM 87545-1362 US",7/1/11 0:00,http://www.lanl.gov/library/,35.8745435,-106.3284325,ChIJT_iZxk4SGIcRQAGqTl3GYLY
The Claremont Colleges,"The Claremont Colleges, Claremont, CA 91711-3991 US",7/1/15 0:00,http://libraries.claremont.edu/,34.10177669999999,-117.7079219,ChIJQ1EYYbwxw4ARVGHRYa7NeEo
Washington and Lee University,"Washington and Lee University, Lexington, VA 24450-0303 US",7/22/14 0:00,http://library.wlu.edu/,37.7904861,-79.4449563,ChIJ13MjIbjLTIgRPKhwNO-M27A
Reed College,"Reed College, Portland, OR 97202-8199 US",7/1/14 0:00,http://library.reed.edu/,45.4809782,-122.6303724,ChIJcwb3mKIKlVQROJjCuG2t5kY
University of Arkansas,"University of Arkansas, Fayatteville, AR 72701-4002 US",7/1/15 0:00,http://libinfo.uark.edu/,36.0678324,-94.17365509999999,ChIJL_bwEOZuyYcRZyN-eDv5ohA
Florida State University,"Florida State University, Tallahassee, FL 32306 US",7/1/11 0:00,https://www.lib.fsu.edu/,30.4407853,-84.2883519,ChIJFUgdKg317IgR1HtQMjC_wUY
McGill University Libraries,"McGill University Libraries, Montreal, QC H3A 1Y1 CA",7/1/14 0:00,#,45.5032218,-73.5759693,ChIJDX_xIkcayUwReED2r8vwtW0
University of Manitoba,"University of Manitoba, Winnipeg, MB R3T 2N2 CA",7/1/16 0:00,http://umanitoba.ca/libraries/,49.810767,-97.1321547,ChIJCWspQeN16lIRTwSQS6UY830
Drexel University,"Drexel University, Philadelphia, PA 19104-2816 US",7/1/16 0:00,https://www.library.drexel.edu/,39.9566127,-75.18994409999999,ChIJKcBHSE7GxokR8DA8BOQt8w4
Clemson University,"Clemson University, Clemson, SC 29634-3001 US",7/1/11 0:00,http://www.clemson.edu/library/,34.6711669,-82.8387079,ChIJjWWrNRFeWIgRVo4qecsZMo0
Carnegie Mellon University,"Carnegie Mellon University, Pittsburgh, PA 15213-3890 US",9/29/14 0:00,http://search.library.cmu.edu/,40.4434658,-79.9434567,ChIJn5pnWB_yNIgR9NrEH0ZrcYg
Marquette University,"Marquette University, Milwaukee, WI 53201-3141 US",7/15/16 0:00,http://www.marquette.edu/library/,43.0382216,-87.9297546,ChIJWwzA14EZBYgRCxLMKlhRvVU
Princeton University,"Princeton University, Princeton, NJ 08544-2002 US",7/1/11 0:00,http://library.princeton.edu/,40.3439888,-74.6514481,ChIJ6baYzdjmw4kRTwKQ-tZ-ugI
University of Texas at Arlington,"University of Texas at Arlington, Arlington, TX 76019-0497 US",7/1/14 0:00,http://www.uta.edu/library/,32.7311482,-97.11408809999999,ChIJTVbJq219ToYRarfIhLC-XGw
Arizona State University,"Arizona State University, Tempe, AZ 85287-1006 US",7/1/12 0:00,http://lib.asu.edu/,33.416317,-111.934118,ChIJSTT2VMMIK4cR35mhpl1J8_M
"University of California, Irvine","University of California, Irvine, Irvine, CA 92623-9557 US",7/1/12 0:00,http://www.lib.uci.edu/,33.6404952,-117.8442962,ChIJkb-SJQ7e3IAR7LfattDF-3k
California Digital Library,"California Digital Library, Oakland, CA 94612-2901 US",7/1/11 0:00,http://www.cdlib.org/,37.8084754,-122.2674787,ChIJ_2sDjrKAj4ARLNmoS5b11rI
McMaster University,"McMaster University, Hamilton, ON L8S 4L6 CA",7/1/14 0:00,http://library.mcmaster.ca/,43.260879,-79.9192254,ChIJwSr3RKyELIgRHAFDYeoAnjk
Harvard University,"Harvard University, Cambridge, MA 02138 US",7/1/11 0:00,http://library.harvard.edu/,42.3770029,-71.11666009999999,ChIJmQF_fUJ344kR8Cck7lzGN1k
Boston College,"Boston College, Chestnut Hill, MA 02167 US",9/7/16 0:00,http://library.bc.edu/,42.3355488,-71.16849450000001,ChIJydQlp11444kRbuu4pZCuaAs
University of Wisconsin-Madison,"University of Wisconsin-Madison, Madison, WI 53706 US",7/1/13 0:00,#,43.076592,-89.4124875,ChIJHUh_CpWsB4gRZDpzkeBl4Mk
University of New Mexico,"University of New Mexico, Albuquerque, NM 87131 US",7/1/15 0:00,http://library.unm.edu/,35.0843187,-106.6197812,ChIJvfGBJFoLIocRR9NeHTbHd3c
University of Kansas,"University of Kansas, Lawrence, KS 66045-7544 US",7/1/13 0:00,https://lib.ku.edu/,38.9543439,-95.2557961,ChIJc9ao8zJvv4cRKIIjqyFOcVM
University of Wyoming,"University of Wyoming, Laramie, WY 82071-3334 US",7/1/13 0:00,http://www-lib.uwyo.edu/,41.3148754,-105.5665744,ChIJIb1k6GuQaIcR7w2hzU_h7xo
University of Notre Dame,"University of Notre Dame, Notre Dame, IN 46556 US",7/1/11 0:00,http://library.nd.edu/,41.7055716,-86.2353388,ChIJzTX8a1fNFogRt9mfZcvjK1o
University of Virginia,"University of Virginia, Charlottesville, VA 22904-4114 US",7/1/11 0:00,http://www.lib.virginia.edu/,38.034247,-78.51018739999999,ChIJ6RNJ2lqGs4kRq7KMHzDxeuc
University of Utah,"University of Utah, Salt Lake City, UT 84112-0860 US",7/1/11 0:00,http://www.lib.utah.edu/,40.7703804,-111.8357481,ChIJi3nHZ5ZfUocR7s-rcmOOfic
Georgia Institute of Technology,"Georgia Institute of Technology, Atlanta, GA 30332-0001 US",8/27/14 0:00,http://www.library.gatech.edu/,33.7756178,-84.39628499999999,ChIJ40_D64oE9YgRD8XYOj7QKrU
Georgetown University,"Georgetown University, Washington, DC 20057-1174 US",7/1/12 0:00,http://www.georgetown.edu/research/libraries/index.html,38.9076089,-77.07225849999999,ChIJa4-fzkC2t4kRgihmVAVtnRw
University of Maryland at College Park,"University of Maryland at College Park, College Park, MD 20742 US",7/1/11 0:00,#,38.9869183,-76.9425543,ChIJq6qaPr3Gt4kRmtrkpd2LjtQ
Marquette University,"Marquette University, Milwaukee, WI 53201-3141 US",7/1/15 0:00,http://www.marquette.edu/library/,43.0382216,-87.9297546,ChIJWwzA14EZBYgRCxLMKlhRvVU
St. Lawrence University,"St. Lawrence University, Canton, NY 13617 US",8/4/15 0:00,http://www.stlawu.edu/library/,44.5892119,-75.1608814,ChIJxcPbtYH2zEwREXH5YvrMFq0
Amherst College,"Amherst College, Amherst, MA 01002 US",12/5/14 0:00,https://www.amherst.edu/library,42.3709104,-72.5170028,ChIJjzZMG_jN5okRvCYRnhDnGUo
Bucknell University,"Bucknell University, Lewisburg, PA 17837 US",7/17/14 0:00,http://www.bucknell.edu/x1263.xml,40.9548827,-76.8847321,ChIJ3U7mfLwTz4kR-em5PjbPbPM
"University of Alabama, Tuscaloosa","University of Alabama, Tuscaloosa, Tuscaloosa, AL 35487-0266 US",7/1/14 0:00,http://www.ua.edu/libraries.html,33.2140233,-87.5391418,ChIJuyDejJkChogREgmu26spDt8
University of Michigan,"University of Michigan, Ann Arbor, MI 48109-1190 US",7/1/11 0:00,http://www.lib.umich.edu/lit/,42.2780436,-83.7382241,ChIJARfe5ziuPIgR45fpeFFOoVs
"University of Illinois, Chicago","University of Illinois, Chicago, Chicago, IL 60607 US",7/1/15 0:00,#,41.8733696,-87.650714,ChIJz8WQDecsDogRrc2nn_Dpsm0
Washington University,"Washington University, St. Louis, MO 63130 US",7/1/14 0:00,http://libraries.wustl.edu/,38.6682669,-90.32308069999999,ChIJYyPseTk134cR620XppiBqrA
Tufts University,"Tufts University, Somerville, MA 02144 US",2/22/16 0:00,http://www.library.tufts.edu/,42.3991718,-71.1240559,ChIJ83x-qt9244kRfiKFU_1K9eA
University of North Carolina at Chapel Hill,"University of North Carolina at Chapel Hill, Chapel Hill, NC 27514-8890 US",7/1/11 0:00,http://library.unc.edu/,35.9049122,-79.0469134,ChIJ66oXy9LCrIkR4OCXZJfwO7M
University of Washington,"University of Washington, Seattle, WA 98195-2900 US",7/1/11 0:00,http://www.lib.washington.edu/,47.6593566,-122.3108896,ChIJ37y6X4sUkFQRfSB6zHv-L2g
University of Southern California,"University of Southern California, Los Angeles, CA 90089-0182 US",7/1/11 0:00,https://libraries.usc.edu/,34.0223519,-118.285117,ChIJ7aVxnOTHwoARxKIntFtakKo
Brown University,"Brown University, Providence, RI 02912 US",7/1/12 0:00,http://library.brown.edu/,41.8267718,-71.4025482,ChIJKY6zkCRF5IkRyyCi9_xpfgs
University of Pennsylvania,"University of Pennsylvania, Philadelphia, PA 19104-6206 US",7/1/11 0:00,http://www.library.upenn.edu/,39.9522188,-75.1932137,ChIJwcw7f1rGxokRlP7WsqKm6gk
University of Guelph,"University of Guelph, Guelph, ON N1G 2W1 CA",1/6/16 0:00,http://www.lib.uoguelph.ca/,43.5353897,-80.219583,ChIJA4QOrS2bK4gRc-Ta1NVYOCo
Boston College,"Boston College, Chestnut Hill, MA 02167 US",7/1/11 0:00,http://library.bc.edu/,42.3355488,-71.16849450000001,ChIJydQlp11444kRbuu4pZCuaAs
University of Alabama at Birmingham,"University of Alabama at Birmingham, Birmingham, AL 35294 US",9/7/16 0:00,https://www.uab.edu/libraries/,33.5021227,-86.8064447,ChIJRxq4YekbiYgRS7BbCPlZxlE
Stanford University,"Stanford University, Stanford, CA 94305-6004 US",7/1/11 0:00,http://www-sul.stanford.edu/,37.4274745,-122.169719,ChIJneqLZyq7j4ARf2j8RBrwzSk
California Institute of Technology,"California Institute of Technology, Pasadena, CA 91125-3200 US",7/1/13 0:00,http://library.caltech.edu/,34.1376576,-118.125269,ChIJkXuZ6qfEwoARGt1hGtDnmTQ
Stony Brook University,"Stony Brook University, Stony Brook, NY 11794-3300 US",1/26/15 0:00,http://library.stonybrook.edu/,40.9123761,-73.1233889,ChIJvzh05jM_6IkRhcy9aqUcTHM
New York University,"New York University, New York, NY 10012 US",7/1/11 0:00,http://www.nyu.edu/library/,40.72951339999999,-73.9964609,ChIJwZVT9ZpZwokRBfO1cTF0MNo
University of Denver,"University of Denver, Denver, CO 80208-0287 US",7/21/15 0:00,http://library.du.edu/,39.6793255,-104.961337,ChIJFwNqZxV-bIcR3mRJdKjimq0
Emory University,"Emory University, Atlanta, GA 30322-2870 US",7/1/11 0:00,http://www.emory.edu/home/academics/libraries.html,33.792872,-84.31940900000001,ChIJzWxfWfoG9YgRHeIygjcdSuI
Cornell University,"Cornell University, Ithaca, NY 14853 US",7/1/11 0:00,http://campusgw.library.cornell.edu/,42.4467049,-76.48305789999999,ChIJYWuHufSB0IkRnGZJmtPxpo8
University of Chicago,"University of Chicago, Chicago, IL 60637-1502 US",7/1/11 0:00,http://www.lib.uchicago.edu/,41.7886079,-87.5987133,ChIJRUhmExYpDogRyvXSAM9lf18
University of Nebraska-Lincoln,"University of Nebraska-Lincoln, Lincoln, NE 68588-4100 US",7/1/13 0:00,http://libraries.unl.edu/,40.8201966,-96.70047629999999,ChIJvc2mUKe-locRjztC-SI8jV0
University of Colorado at Boulder,"University of Colorado at Boulder, Boulder, CO 80309-0184 US",12/7/16 0:00,#,40.00758099999999,-105.2659417,ChIJwR6cajTsa4cR2TH0qKTVKAM
Texas A&M University,"Texas A&M University, College Station, TX 77843-5000 US",7/1/11 0:00,#,30.618611,-96.33639699999999,ChIJAQDAM_eDRoYRyDvAuaS4R5c
Duke University,"Duke University, Durham, NC 27708 US",7/24/14 0:00,http://library.duke.edu/,35.9992263,-78.94720889999999,ChIJnY-iCwfkrIkRWKC4lmlpEEA
University of Georgia,"University of Georgia, Athens, GA 30602 US",7/1/13 0:00,http://www.libs.uga.edu/,33.954258,-83.37493219999999,ChIJo5RQR-Fs9ogRjfMRW0Ze-uc
University of Tennessee,"University of Tennessee, Knoxville, TN 37996-1000 US",7/1/11 0:00,http://www.lib.utk.edu/,35.9544013,-83.92945639999999,ChIJIW9KquAXXIgRTCm1SKcUSQo
University of Texas at Austin,"University of Texas at Austin, Austin, TX 78712 US",7/1/11 0:00,http://www.lib.utexas.edu/,30.2888541,-97.7390494,ChIJ039S3oK1RIYRCwcDUbd_C0w
University of San Francisco,"University of San Francisco, San Francisco, CA 94117 US",7/1/15 0:00,http://www.usfca.edu/library/,37.7766466,-122.450683,ChIJuyASMUqHhYARTvh_g2_KVmo
University of Iowa,"University of Iowa, Iowa City, IA 52242-1420 US",7/1/11 0:00,http://www.lib.uiowa.edu/,41.6626963,-91.5548998,ChIJ__-_SfJB5IcRYTLnsT_j0Us
Indiana University,"Indiana University, Bloomington, IN 47405 US",7/1/11 0:00,http://libraries.iub.edu/,39.1714266,-86.51860219999999,ChIJrdB8I79mbIgRP-RbBxeMlfQ
"University of British Columbia, Vancouver","University of British Columbia, Vancouver, Vancouver, BC V6T 1Z1 CA",7/1/11 0:00,http://www.library.ubc.ca/,49.2684344,-123.2611099,ChIJPzfSDstyhlQR6G1yM4r1-b4
Texas Tech University,"Texas Tech University, Lubbock, TX 79409-0002 US",7/1/16 0:00,http://library.ttu.edu/,33.5842591,-101.8782822,ChIJR8ge8xPEQIYRSXiwt3SzLQU
University at Albany,"University at Albany, Albany, NY 12222-0001 US",8/30/13 0:00,http://library.albany.edu/,42.68494339999999,-73.82524959999999,ChIJNcvFFTsL3okRnp6AsL_tw8c
Rice University,"Rice University, Houston, TX 77251-1892 US",7/1/11 0:00,http://www.rice.edu/fondren/,29.7145594,-95.4067312,ChIJl9HCwmXAQIYRA1e0813WKAM
Purdue University,"Purdue University, West Lafayette, IN 47907-2058 US",7/1/11 0:00,https://www.lib.purdue.edu/,40.4237054,-86.92119459999999,ChIJBwU-Qjf9EogRjnwai8-yzI4
Binghamton University,"Binghamton University, Binghamton, NY 13902-6012 US",7/1/16 0:00,http://www.binghamton.edu/libraries/,42.0893553,-75.9697049,ChIJaTEedLju2okR3z5p7vGc53M
Library of Congress,"Library of Congress, Washington, DC 20540-4000 US",7/1/13 0:00,http://www.loc.gov/,38.888684,-77.004719,ChIJTTr4jvbuDzkR7D7e9Jayy0Y
Iowa State University,"Iowa State University, Ames, IA 50011-2140 US",7/1/15 0:00,http://www.lib.iastate.edu/,42.0266187,-93.6464654,ChIJGVshXgp67ocR6Els7jrt2Nc
Rhodes College,"Rhodes College, Memphis, TN 38112 US",7/1/11 0:00,http://www.rhodes.edu/barret/,35.1550839,-89.98928719999999,ChIJuYETwJCAf4gR2ebGom_pEfw
Occidental College,"Occidental College, Los Angeles, CA 90041 US",8/4/15 0:00,http://www.oxy.edu/library,34.1273615,-118.2105035,ChIJoTIjJWbBwoARpljh1m4ytbc
Haverford College,"Haverford College, Haverford, PA 19041-1336 US",7/11/14 0:00,http://library.haverford.edu/,40.0066524,-75.305318,ChIJJS6VzuvGxokRWTnyFDVOAEQ
Swarthmore College,"Swarthmore College, Swarthmore, PA 19081 US",7/17/14 0:00,http://www.swarthmore.edu/libraries,39.9068405,-75.35564830000001,ChIJj7PqbtLpxokRK7IyQMDWAHs
University of Richmond,"University of Richmond, Richmond, VA 23173 US",7/1/15 0:00,http://library.richmond.edu/,37.5758681,-77.5409744,ChIJtXlSJ6IUsYkR_91m1Y4xCTE
Colgate University,"Colgate University, Hamilton, NY 13346-1386 US",7/1/14 0:00,http://exlibris.colgate.edu/default.html,42.8157506,-75.5407681,ChIJ2S_7-mTX24kRk6cZF0dK0X0
Colby College,"Colby College, Waterville, ME 04901-8851 US",7/3/14 0:00,http://libguides.colby.edu/home2,44.5638691,-69.6626362,ChIJReBdkFDksUwR0PEv4hXiITg
Smith College,"Smith College, Northampton, MA 01063-0001 US",8/26/15 0:00,http://www.smith.edu/libraries/,42.31809570000001,-72.6372341,ChIJiVouamjX5okRhESdeEVEFh4
Vassar College,"Vassar College, Poughkeepsie, NY 12604-0020 US",7/1/14 0:00,http://library.vassar.edu/,41.68604699999999,-73.89734299999999,ChIJTUtnglY-3YkRTNWCCGR9yOM
Bates College,"Bates College, Lewiston, ME 04240 US",7/8/14 0:00,http://www.bates.edu/library/,44.1057216,-70.2021865,ChIJ1a5W4ZVrskwR4r4KxE85CQ4
Furman University,"Furman University, Greenville, SC 29613 US",7/1/14 0:00,http://libguides.furman.edu/library/home,34.9237,-82.4382693,ChIJBw5xX6UzWIgRhg86-lkSG1s
Bryn Mawr College,"Bryn Mawr College, Bryn Mawr, PA 19010-2899 US",7/1/11 0:00,http://www.brynmawr.edu/library/index.html,40.0281065,-75.3152341,ChIJazx-cI2_xokRROA-Ik6hyk0
Lafayette College,"Lafayette College, Easton, PA 18042-1797 US",7/1/11 0:00,https://library.lafayette.edu/frontpage,40.6986202,-75.2087298,ChIJAZll2E5sxIkRmWtHcAi0le4
Oberlin College,"Oberlin College, Oberlin, OH 44074-1532 US",11/22/16 0:00,http://www.oberlin.edu/library/,41.29348299999999,-82.2236001,ChIJ5fKhn34KOogRZuYN4JEy-to
Bowdoin College,"Bowdoin College, Brunswick, ME 04011 US",7/15/15 0:00,https://library.bowdoin.edu/,43.9077579,-69.9604513,ChIJA6g7ND6HrUwRCXY3zMcImwo
Skidmore College,"Skidmore College, Saratoga Springs, NY 12866 US",8/17/16 0:00,http://lib.skidmore.edu/library/,43.0972759,-73.7841811,ChIJYZOZdXA33okRuVQF7kjjRK0
Whitman College,"Whitman College, Walla Walla, WA 99362 US",7/1/15 0:00,http://www.whitman.edu/penrose/,46.07057990000001,-118.3306352,ChIJmwwNSolqolQRAbh-B9WoBIc
Denison University,"Denison University, Granville, OH 43023 US",7/1/16 0:00,http://denison.edu/campus/library,40.074025,-82.522643,ChIJGZaQk9M_OIgRpkF0Zzxf8YA
Grinnell College,"Grinnell College, Grinnell, IA 50112-1690 US",10/16/15 0:00,https://www.grinnell.edu/libraries,41.74905709999999,-92.7201302,ChIJ7_nHPEBy74cRV7lMEJVsKco
Mount Holyoke College,"Mount Holyoke College, South Hadley, MA 01075-6404 US",7/1/15 0:00,https://www.mtholyoke.edu/lits,42.2532535,-72.5761394,ChIJFylIta3b5okRTE0J9Tm-qMU
Atlanta University Center,"Atlanta University Center, Atlanta, GA 30314 US",7/1/14 0:00,http://www.auctr.edu/,33.7505746,-84.4118579,ChIJSTTRA2kD9YgRQnqkUOcWZjE
University of Ottawa,"University of Ottawa, Ottawa, ON K1N 6N5 CA",7/1/16 0:00,http://biblio.uottawa.ca/en,45.4227425,-75.6824915,ChIJcZwxWAQFzkwRO5kiX39gRVE
University of Houston,"University of Houston, Houston, TX 77204-2000 US",7/1/13 0:00,http://info.lib.uh.edu/,29.7164212,-95.3390573,ChIJu_ER_lq-QIYRnUSeWFtgKLM
University of Rochester,"University of Rochester, Rochester, NY 14627 US",7/1/16 0:00,http://www.library.rochester.edu/,43.1318593,-77.623931,ChIJLa9Nz8e01okRcFZOtGiYAm8
Temple University,"Temple University, Philadelphia, PA 19122 US",7/1/13 0:00,http://library.temple.edu/,39.9811932,-75.15535059999999,ChIJDzmJJf-3xokR3i50d5pyWAU
University of Delaware,"University of Delaware, Newark, DE 19717-5267 US",7/1/11 0:00,http://library.udel.edu/,39.6779504,-75.7506114,ChIJpelbVi6qx4kRceNYY0T-LsA
Dartmouth College,"Dartmouth College, Hanover, NH 03755-3525 US",7/1/11 0:00,http://library.dartmouth.edu/,43.7044406,-72.2886934,ChIJEYl1T93JtEwRzAi5TUxXuL0
National Library of Medicine,"National Library of Medicine, Bethesda, MD 20894 US",7/1/11 0:00,http://www.nlm.nih.gov/,38.9958845,-77.0988509,ChIJQVh__l3Jt4kR0KrY_CVPrBI
North Carolina State University,"North Carolina State University, Raleigh, NC 27695-7111 US",7/1/11 0:00,http://www.lib.ncsu.edu/,35.7846633,-78.6820946,ChIJOXnA46L1rIkRUXe2ZJ3s8jA
Columbia University Libraries,"Columbia University Libraries, New York, NY 10027 US",7/1/11 0:00,#,40.8077432,-73.95972060000001,ChIJrXUAJz72wokRDWxErC408iU
The Ohio State University,"The Ohio State University, Columbus, OH 43210 US",7/1/13 0:00,http://library.osu.edu/,39.9990626,-83.01733860000002,ChIJqS2kpY-OOIgRFnTLCrszXxo
Northeastern University,"Northeastern University, Boston, MA 02115-5005 US",7/1/13 0:00,http://library.northeastern.edu/,42.3398067,-71.0891717,ChIJ4VzPmRl644kRjLkiZeYAe8k
University of Minnesota,"University of Minnesota, Minneapolis, MN 55455 US",7/1/11 0:00,http://www.lib.umn.edu/,44.97399,-93.2277285,ChIJ_8cK92kts1IReJnfUqEXEuM
Massachusetts Institute of Technology,"Massachusetts Institute of Technology, Cambridge, MA 02139-4307 US",7/1/11 0:00,http://libraries.mit.edu/,42.360091,-71.09416,ChIJh2oa9apw44kRPCAIs6WO4NA
University of Arizona,"University of Arizona, Tucson, AZ 85721-0055 US",7/1/11 0:00,http://www.arizona.edu/topics/libraries,32.231063,-110.9492754,ChIJe__a_qlx1oYRaSI04F8V74I
The George Washington University,"The George Washington University, Washington, DC 20052 US",7/1/11 0:00,#,38.8997145,-77.0485992,ChIJpXo8DrG3t4kRCKgn3Bv0e9o
Smithsonian Institution,"Smithsonian Institution, Washington, DC 20013-7012 US",7/1/11 0:00,http://www.sil.si.edu/,38.8912662,-77.0260654,ChIJx7K17Ji3t4kRr3VvqMTw7cc
Yale University,"Yale University, New Haven, CT 06520-8240 US",7/1/11 0:00,http://www.library.yale.edu/,41.3163244,-72.92234309999999,ChIJRUlizbbZ54kRJwTTtMSiNK4
Mississippi State University,"Mississippi State University, Mississippi State, MS 39762-5408 US",8/8/16 0:00,http://lib.msstate.edu/,33.4551742,-88.79437659999999,ChIJqwF75D41gYgRK3IANU9C8Xs
Oregon State University,"Oregon State University, Corvallis, OR 97331-4501 US",7/1/13 0:00,http://osulibrary.oregonstate.edu/,44.5637806,-123.2794442,ChIJQ7tQ6rlAwFQRn7T3Adzx_6Y
University of North Texas,"University of North Texas, Denton, TX 76203-5017 US",7/1/11 0:00,http://www.library.unt.edu/,33.207488,-97.1525862,ChIJyY815HPKTYYRCmlH-kWfvQs
Pennsylvania State University,"Pennsylvania State University, University Park, PA 16802 US",7/1/11 0:00,http://www.libraries.psu.edu/psul/home.html,40.8084075,-77.8638835,ChIJdS6tMSKmzokRcdFFfBnaPuM
West Virginia University,"West Virginia University, Morgantown, WV 26506 US",7/9/14 0:00,https://www.libraries.wvu.edu/,39.6361396,-79.95593579999999,ChIJ7dQgR3x7NYgRMNj61lX1ck0
University of Kentucky,"University of Kentucky, Lexington, KY 40506-0456 US",7/1/11 0:00,http://libraries.uky.edu/,38.0306511,-84.5039697,ChIJZQxUxbZEQogRZ0KY7kqd_44
"University of California, Santa Barbara","University of California, Santa Barbara, Santa Barbara, CA 93106-9010 US",7/1/15 0:00,http://www.library.ucsb.edu/,34.4139629,-119.848947,ChIJN0sx82c_6YARws62XH5rlU4
Johns Hopkins University,"Johns Hopkins University, Baltimore, MD 21218-2683 US",7/1/11 0:00,http://www.library.jhu.edu/#,39.3259098,-76.62155039999999,ChIJRayt894EyIkRiUaBT5soPXY
"University of California, Berkeley","University of California, Berkeley, Berkeley, CA 94720-6000 US",7/1/11 0:00,http://www.lib.berkeley.edu/node,37.8718992,-122.2585399,ChIJwdcixRh3j4ARiTJrO-o0gNo
New York Public Library,"New York Public Library, New York, NY 10018-2788 US",7/1/11 0:00,http://digital.nypl.org/,40.75318230000001,-73.9822534,ChIJqaiomQBZwokRTHOaUG7fUTs
Middle Tennessee State University,"Middle Tennessee State University, Murfreesboro, TN 37132 US",8/27/14 0:00,http://library.mtsu.edu/,35.8434555,-86.3706605,ChIJdQnZJG_4Y4gRwC6GYXpt_E8
University of Miami,"University of Miami, Coral Gables, FL 33146 US",7/1/11 0:00,http://library.miami.edu/,25.7191685,-80.2771253,ChIJfTjGHwK42YgRzjHwQarPwDg
Montana State University,"Montana State University, Bozeman, MT 59717-3220 US",3/1/13 0:00,http://www.lib.montana.edu/,45.6667557,-111.04981,ChIJ8xcP1Q5FRVMR0ZG9AE5d_tQ
Middlebury College,"Middlebury College, Middlebury, VT 05753 US",7/1/15 0:00,http://www.middlebury.edu/academics/lib,44.00825950000001,-73.1773152,ChIJj7_gV_5ctUwRuyfdhq0Zg-k
National Archives and Records Administration,"National Archives and Records Administration, College Park, MD 20740-6001 US",7/1/11 0:00,http://www.archives.gov/index.html,38.9982776,-76.9611869,ChIJ_zIW34HGt4kRJH2h5L55pP8
Bibliotheca Alexandrina,"Bibliotheca Alexandrina, Chatby, Alexandria, 21526 EG",7/1/11 0:00,http://www.bibalex.org/,31.2088705,29.9092012,ChIJhf5iBYrD9RQR5yPsMsZMowA
AA Test Organization,"AA Test Organization, Washington, DC 20036 US",2/20/14 0:00,#,38.9049467,-77.0388809,ChIJx_1cMr-3t4kRyQmQ-2-Dwi8
University of Florida,"University of Florida, Gainesville, FL 32611-7000 US",7/1/11 0:00,#,29.6436325,-82.3549302,ChIJdZLk-wyj6IgRhpg9FN7gbyA
University of Illinois at Urbana-Champaign,"University of Illinois at Urbana-Champaign, Urbana, IL 61801 US",7/1/12 0:00,http://gateway.library.uiuc.edu/,40.1019523,-88.2271615,ChIJ6VUmqSTXDIgR-iZoBCUFPKU
Internet Archive,"Internet Archive, San Francisco, CA 94118 US",,#,37.7823319,-122.4716416,ChIJL3JErReHhYARzRbJVKOdgaQ
Trinity University,"Trinity University, San Antonio, TX 78212-7200 US",7/1/14 0:00,#,29.4618444,-98.4831622,ChIJxbr4W5lhXIYRm5i5E_ZaaRU
"University of California, Davis","University of California, Davis, Davis, CA 95616 US",7/1/14 0:00,#,38.5382322,-121.7617125,ChIJP_qJdH_T6oARNIN-CCS7v-w
University of Richmond,"University of Richmond, Richmond, VA 23173 US",1/15/15 0:00,http://library.richmond.edu/,37.5758681,-77.5409744,ChIJtXlSJ6IUsYkR_91m1Y4xCTE
York University,"York University, Toronto, ON M3J 1P3 CA",11/15/13 0:00,#,43.7728399,-79.49499449999999,ChIJ6Wb5qiQuK4gRqgXJNuHbdNI
Colgate University,"Colgate University, Hamilton, NY 13346-1386 US",3/6/14 0:00,http://exlibris.colgate.edu/default.html,42.8157506,-75.5407681,ChIJ2S_7-mTX24kRk6cZF0dK0X0
Inter-University Consortium for Political and Social Research,"Inter-University Consortium for Political and Social Research, Ann Arbor, MI 48106 US",7/1/13 0:00,#,42.2721528,-83.7754758,ChIJ_WtQcdGxPIgRjvrh2d-E6pE
Carnegie Mellon University,"Carnegie Mellon University, Pittsburgh, PA 15213-3890 US",7/1/11 0:00,http://search.library.cmu.edu/,40.4434658,-79.9434567,ChIJn5pnWB_yNIgR9NrEH0ZrcYg
Georgia Institute of Technology,"Georgia Institute of Technology, Atlanta, GA 30332-0001 US",7/1/13 0:00,http://www.library.gatech.edu/,33.7756178,-84.39628499999999,ChIJ40_D64oE9YgRD8XYOj7QKrU
Microsoft Research Connections,"Microsoft Research Connections, Redmond, WA 98052 US",6/18/12 0:00,#,47.64183920000001,-122.1407464,ChIJ5cVerxJtkFQRQldnptIavSU
National Archives and Records Administration,"National Archives and Records Administration, College Park, MD 20740-6001 US",,http://www.archives.gov/index.html,38.9982776,-76.9611869,ChIJ_zIW34HGt4kRJH2h5L55pP8
AA Test Organization,"AA Test Organization, Washington, DC 20036 US",,#,38.9049467,-77.0388809,ChIJx_1cMr-3t4kRyQmQ-2-Dwi8
University of North Carolina at Charlotte,"University of North Carolina at Charlotte, Charlotte, NC 28223 US",,http://library.uncc.edu/,35.3070929,-80.735164,ChIJVyOp0BocVIgR8yST8fdnP2s
Middlebury College,"Middlebury College, Middlebury, VT 05753 US",,http://www.middlebury.edu/academics/lib,44.00825950000001,-73.1773152,ChIJj7_gV_5ctUwRuyfdhq0Zg-k
